"";"verbatimIdentification";"scientificName";"ScientificName2010";"ScientificName2018";"BirdTree";"tip.label"
"1";"Anas platyrhynchos";"Anas platyrhynchos";"Anas platyrhynchos";"Anas platyrhynchos";"Anas platyrhynchos";"Anas_platyrhynchos"
"2";"Corvus corax";"Corvus corax";"Corvus corax";"Corvus corax";"Corvus corax";"Corvus_corax"
"3";"Loxia curvirostra";"Loxia curvirostra";"Loxia curvirostra";"Loxia curvirostra";"Loxia curvirostra";"Loxia_curvirostra"
"4";"Troglodytes troglodytes";"Troglodytes troglodytes";"Troglodytes troglodytes";"Troglodytes troglodytes";"Troglodytes troglodytes";"Troglodytes_troglodytes"
"5";"Troglodytes troglodytes";"Troglodytes troglodytes";"Troglodytes troglodytes";"Troglodytes troglodytes";"Troglodytes troglodytes";"Troglodytes_troglodytes"
"6";"Troglodytes troglodytes";"Troglodytes troglodytes";"Troglodytes troglodytes";"Troglodytes troglodytes";"Troglodytes troglodytes";"Troglodytes_troglodytes"
"7";"Hirundo rustica";"Hirundo rustica";"Hirundo rustica";"Hirundo rustica";"Hirundo rustica";"Hirundo_rustica"
"8";"Gallinula chloropus";"Gallinula chloropus";"Gallinula chloropus";"Gallinula chloropus";"Gallinula chloropus";"Gallinula_chloropus"
"9";"Gallinula chloropus";"Gallinula chloropus";"Gallinula chloropus";"Gallinula chloropus";"Gallinula chloropus";"Gallinula_chloropus"
"10";"Asio otus";"Asio otus";"Asio otus";"Asio otus";"Asio otus";"Asio_otus"
"11";"Accipiter gentilis";"Accipiter gentilis";"Accipiter gentilis";"Accipiter gentilis";"Accipiter gentilis";"Accipiter_gentilis"
"12";"Falco peregrinus";"Falco peregrinus";"Falco peregrinus";"Falco peregrinus";"Falco pelegrinoides";"Falco_pelegrinoides"
"13";"Falco peregrinus";"Falco peregrinus";"Falco peregrinus";"Falco peregrinus";"Falco peregrinus";"Falco_peregrinus"
"14";"Tyto alba";"Tyto alba";"Tyto alba";"Tyto alba";"Tyto alba";"Tyto_alba"
"15";"Circus cyaneus";"Circus cyaneus";"Circus cyaneus";"Circus cyaneus";"Circus cyaneus";"Circus_cyaneus"
"16";"Circus cyaneus";"Circus cyaneus";"Circus cyaneus";"Circus cyaneus";"Circus cyaneus";"Circus_cyaneus"
"17";"Riparia riparia";"Riparia riparia";"Riparia riparia";"Riparia riparia";"Riparia riparia";"Riparia_riparia"
"18";"Riparia riparia";"Riparia riparia";"Riparia riparia";"Riparia riparia";"Riparia riparia";"Riparia_riparia"
"19";"Anas strepera";"Mareca strepera";"Anas strepera";"Mareca strepera";"Anas strepera";"Anas_strepera"
"20";"Anas crecca";"Anas crecca";"Anas crecca";"Anas crecca";"Anas crecca";"Anas_crecca"
"21";"Chlidonias niger";"Chlidonias niger";"Chlidonias niger";"Chlidonias niger";"Chlidonias niger";"Chlidonias_niger"
"22";"Anas clypeata";"Spatula clypeata";"Anas clypeata";"Spatula clypeata";"Anas clypeata";"Anas_clypeata"
"23";"Bucephala clangula";"Bucephala clangula";"Bucephala clangula";"Bucephala clangula";"Bucephala clangula";"Bucephala_clangula"
"24";"Mergus merganser";"Mergus merganser";"Mergus merganser";"Mergus merganser";"Mergus merganser";"Mergus_merganser"
"25";"Anas acuta";"Anas acuta";"Anas acuta";"Anas acuta";"Anas acuta";"Anas_acuta"
"26";"Asio flammeus";"Asio flammeus";"Asio flammeus";"Asio flammeus";"Asio flammeus";"Asio_flammeus"
"27";"Picoides dorsalis";"Picoides tridactylus";"Picoides tridactylus";"Picoides tridactylus";"Picoides dorsalis";"Picoides_dorsalis"
"28";"Picoides dorsalis";"Picoides tridactylus";"Picoides tridactylus";"Picoides tridactylus";"Picoides tridactylus";"Picoides_tridactylus"
"29";"Sterna hirundo";"Sterna hirundo";"Sterna hirundo";"Sterna hirundo";"Sterna hirundo";"Sterna_hirundo"
"30";"Nycticorax nycticorax";"Nycticorax nycticorax";"Nycticorax nycticorax";"Nycticorax nycticorax";"Nycticorax nycticorax";"Nycticorax_nycticorax"
"31";"Baeolophus bicolor";"Baeolophus bicolor";"Baeolophus bicolor";"Baeolophus bicolor";"Baeolophus bicolor";"Baeolophus_bicolor"
"32";"Junco hyemalis";"Junco hyemalis";"Junco hyemalis";"Junco hyemalis";"Junco hyemalis";"Junco_hyemalis"
"33";"Junco hyemalis";"Junco hyemalis";"Junco hyemalis";"Junco hyemalis";"Junco hyemalis";"Junco_hyemalis"
"34";"Corvus brachyrhynchos";"Corvus brachyrhynchos";"Corvus brachyrhynchos";"Corvus brachyrhynchos";"Corvus brachyrhynchos";"Corvus_brachyrhynchos"
"35";"Cathartes aura";"Cathartes aura";"Cathartes aura";"Cathartes aura";"Cathartes aura";"Cathartes_aura"
"36";"Toxostoma rufum";"Toxostoma rufum";"Toxostoma rufum";"Toxostoma rufum";"Toxostoma rufum";"Toxostoma_rufum"
"37";"Icterus galbula";"Icterus galbula";"Icterus galbula";"Icterus galbula";"Icterus galbula";"Icterus_galbula"
"38";"Dumetella carolinensis";"Dumetella carolinensis";"Dumetella carolinensis";"Dumetella carolinensis";"Dumetella carolinensis";"Dumetella_carolinensis"
"39";"Piranga olivacea";"Piranga olivacea";"Piranga olivacea";"Piranga olivacea";"Piranga olivacea";"Piranga_olivacea"
"40";"Dendroica pensylvanica";"Setophaga pensylvanica";"Dendroica pensylvanica";"Setophaga pensylvanica";"Dendroica pensylvanica";"Dendroica_pensylvanica"
"41";"Tyrannus tyrannus";"Tyrannus tyrannus";"Tyrannus tyrannus";"Tyrannus tyrannus";"Tyrannus tyrannus";"Tyrannus_tyrannus"
"42";"Troglodytes aedon";"Troglodytes aedon";"Troglodytes aedon";"Troglodytes aedon";"Troglodytes aedon";"Troglodytes_aedon"
"43";"Troglodytes aedon";"Troglodytes aedon";"Troglodytes aedon";"Troglodytes aedon";"Troglodytes aedon";"Troglodytes_aedon"
"44";"Setophaga ruticilla";"Setophaga ruticilla";"Setophaga ruticilla";"Setophaga ruticilla";"Setophaga ruticilla";"Setophaga_ruticilla"
"45";"Hylocichla mustelina";"Hylocichla mustelina";"Hylocichla mustelina";"Hylocichla mustelina";"Hylocichla mustelina";"Hylocichla_mustelina"
"46";"Catharus fuscescens";"Catharus fuscescens";"Catharus fuscescens";"Catharus fuscescens";"Catharus fuscescens";"Catharus_fuscescens"
"47";"Vireo gilvus";"Vireo gilvus";"Vireo gilvus";"Vireo gilvus";"Vireo gilvus";"Vireo_gilvus"
"48";"Carpodacus mexicanus";"Haemorhous mexicanus";"Carpodacus mexicanus";"Haemorhous mexicanus";"Carpodacus mexicanus";"Carpodacus_mexicanus"
"49";"Buteo jamaicensis";"Buteo jamaicensis";"Buteo jamaicensis";"Buteo jamaicensis";"Buteo jamaicensis";"Buteo_jamaicensis"
"50";"Cyanocitta cristata";"Cyanocitta cristata";"Cyanocitta cristata";"Cyanocitta cristata";"Cyanocitta cristata";"Cyanocitta_cristata"
"51";"Colaptes auratus";"Colaptes auratus";"Colaptes auratus";"Colaptes auratus";"Colaptes auratus";"Colaptes_auratus"
"52";"Colaptes auratus";"Colaptes auratus";"Colaptes auratus";"Colaptes auratus";"Colaptes auratus";"Colaptes_auratus"
"53";"Colaptes auratus";"Colaptes auratus";"Colaptes auratus";"Colaptes auratus";"Colaptes auratus";"Colaptes_auratus"
"54";"Turdus migratorius";"Turdus migratorius";"Turdus migratorius";"Turdus migratorius";"Turdus migratorius";"Turdus_migratorius"
"55";"Turdus migratorius";"Turdus migratorius";"Turdus migratorius";"Turdus migratorius";"Turdus migratorius";"Turdus_migratorius"
"56";"Mimus polyglottos";"Mimus polyglottos";"Mimus polyglottos";"Mimus polyglottos";"Mimus polyglottos";"Mimus_polyglottos"
"57";"Empidonax alnorum";"Empidonax alnorum";"Empidonax alnorum";"Empidonax alnorum";"Empidonax alnorum";"Empidonax_alnorum"
"58";"Pheucticus ludovicianus";"Pheucticus ludovicianus";"Pheucticus ludovicianus";"Pheucticus ludovicianus";"Pheucticus ludovicianus";"Pheucticus_ludovicianus"
"59";"Seiurus aurocapilla";"Seiurus aurocapilla";"Seiurus aurocapilla";"Seiurus aurocapilla";"Seiurus aurocapilla";"Seiurus_aurocapilla"
"60";"Pipilo erythrophthalmus";"Pipilo erythrophthalmus";"Pipilo erythrophthalmus";"Pipilo erythrophthalmus";"Pipilo erythrophthalmus";"Pipilo_erythrophthalmus"
"61";"Melospiza georgiana";"Melospiza georgiana";"Melospiza georgiana";"Melospiza georgiana";"Melospiza georgiana";"Melospiza_georgiana"
"62";"Vireo olivaceus";"Vireo olivaceus";"Vireo olivaceus";"Vireo olivaceus";"Vireo olivaceus";"Vireo_olivaceus"
"63";"Empidonax minimus";"Empidonax minimus";"Empidonax minimus";"Empidonax minimus";"Empidonax minimus";"Empidonax_minimus"
"64";"Tachycineta bicolor";"Tachycineta bicolor";"Tachycineta bicolor";"Tachycineta bicolor";"Tachycineta bicolor";"Tachycineta_bicolor"
"65";"Dryocopus pileatus";"Hylatomus pileatus";"Dryocopus pileatus";"Hylatomus pileatus";"Dryocopus pileatus";"Dryocopus_pileatus"
"66";"Vermivora pinus";"Vermivora cyanoptera";"Vermivora pinus";"Vermivora cyanoptera";"Vermivora pinus";"Vermivora_pinus"
"67";"Quiscalus quiscula";"Quiscalus quiscula";"Quiscalus quiscula";"Quiscalus quiscula";"Quiscalus quiscula";"Quiscalus_quiscula"
"68";"Dendroica petechia";"Setophaga petechia";"Dendroica petechia";"Setophaga petechia";"Dendroica aestiva";"Dendroica_aestiva"
"69";"Dendroica petechia";"Setophaga petechia";"Dendroica petechia";"Setophaga petechia";"Dendroica petechia";"Dendroica_petechia"
"70";"Passerina cyanea";"Passerina cyanea";"Passerina cyanea";"Passerina cyanea";"Passerina cyanea";"Passerina_cyanea"
"71";"Empidonax traillii";"Empidonax traillii";"Empidonax traillii";"Empidonax traillii";"Empidonax traillii";"Empidonax_traillii"
"72";"Progne subis";"Progne subis";"Progne subis";"Progne subis";"Progne subis";"Progne_subis"
"73";"Dolichonyx oryzivorus";"Dolichonyx oryzivorus";"Dolichonyx oryzivorus";"Dolichonyx oryzivorus";"Dolichonyx oryzivorus";"Dolichonyx_oryzivorus"
"74";"Sturnella magna";"Sturnella magna";"Sturnella magna";"Sturnella magna";"Sturnella magna";"Sturnella_magna"
"75";"Columba livia";"Columba livia";"Columba livia";"Columba livia";"Columba livia";"Columba_livia"
"76";"Megascops asio";"Megascops asio";"Megascops asio";"Megascops asio";"Megascops asio";"Megascops_asio"
"77";"Spizella pusilla";"Spizella pusilla";"Spizella pusilla";"Spizella pusilla";"Spizella pusilla";"Spizella_pusilla"
"78";"Picoides pubescens";"Dryobates pubescens";"Picoides pubescens";"Dryobates pubescens";"Picoides pubescens";"Picoides_pubescens"
"79";"Empidonax virescens";"Empidonax virescens";"Empidonax virescens";"Empidonax virescens";"Empidonax virescens";"Empidonax_virescens"
"80";"Geothlypis trichas";"Geothlypis trichas";"Geothlypis trichas";"Geothlypis trichas";"Geothlypis trichas";"Geothlypis_trichas"
"81";"Dendroica fusca";"Setophaga fusca";"Dendroica fusca";"Setophaga fusca";"Dendroica fusca";"Dendroica_fusca"
"82";"Passerculus sandwichensis";"Passerculus sandwichensis";"Passerculus sandwichensis";"Passerculus sandwichensis";"Passerculus sandwichensis";"Passerculus_sandwichensis"
"83";"Passerculus sandwichensis";"Passerculus sandwichensis";"Passerculus sandwichensis";"Passerculus sandwichensis";"Passerculus sandwichensis";"Passerculus_sandwichensis"
"84";"Passerculus sandwichensis";"Passerculus sandwichensis";"Passerculus sandwichensis";"Passerculus sandwichensis";"Passerculus sandwichensis";"Passerculus_sandwichensis"
"85";"Passerculus sandwichensis";"Passerculus sandwichensis";"Passerculus sandwichensis";"Passerculus sandwichensis";"Passerculus sandwichensis";"Passerculus_sandwichensis"
"86";"Contopus virens";"Contopus virens";"Contopus virens";"Contopus virens";"Contopus virens";"Contopus_virens"
"87";"Dendroica magnolia";"Setophaga magnolia";"Dendroica magnolia";"Setophaga magnolia";"Dendroica magnolia";"Dendroica_magnolia"
"88";"Sphyrapicus varius";"Sphyrapicus varius";"Sphyrapicus varius";"Sphyrapicus varius";"Sphyrapicus varius";"Sphyrapicus_varius"
"89";"Molothrus ater";"Molothrus ater";"Molothrus ater";"Molothrus ater";"Molothrus ater";"Molothrus_ater"
"90";"Sayornis phoebe";"Sayornis phoebe";"Sayornis phoebe";"Sayornis phoebe";"Sayornis phoebe";"Sayornis_phoebe"
"91";"Wilsonia citrina";"Setophaga citrina";"Wilsonia citrina";"Setophaga citrina";"Wilsonia citrina";"Wilsonia_citrina"
"92";"Myiarchus crinitus";"Myiarchus crinitus";"Myiarchus crinitus";"Myiarchus crinitus";"Myiarchus crinitus";"Myiarchus_crinitus"
"93";"Carpodacus purpureus";"Haemorhous purpureus";"Carpodacus purpureus";"Haemorhous purpureus";"Carpodacus purpureus";"Carpodacus_purpureus"
"94";"Coccyzus americanus";"Coccyzus americanus";"Coccyzus americanus";"Coccyzus americanus";"Coccyzus americanus";"Coccyzus_americanus"
"95";"Seiurus motacilla";"Parkesia motacilla";"Seiurus motacilla";"Parkesia motacilla";"Seiurus motacilla";"Seiurus_motacilla"
"96";"Sitta canadensis";"Sitta canadensis";"Sitta canadensis";"Sitta canadensis";"Sitta canadensis";"Sitta_canadensis"
"97";"Zenaida macroura";"Zenaida macroura";"Zenaida macroura";"Zenaida macroura";"Zenaida macroura";"Zenaida_macroura"
"98";"Oporornis philadelphia";"Geothlypis philadelphia";"Oporornis philadelphia";"Geothlypis philadelphia";"Oporornis philadelphia";"Oporornis_philadelphia"
"99";"Megaceryle alcyon";"Megaceryle alcyon";"Megaceryle alcyon";"Megaceryle alcyon";"Megaceryle alcyon";"Megaceryle_alcyon"
"100";"Chaetura pelagica";"Chaetura pelagica";"Chaetura pelagica";"Chaetura pelagica";"Chaetura pelagica";"Chaetura_pelagica"
"101";"Spinus tristis";"Spinus tristis";"Carduelis tristis";"Spinus tristis";"Carduelis tristis";"Carduelis_tristis"
"102";"Poecile atricapillus";"Poecile atricapillus";"Parus atricapillus";"Poecile atricapillus";"Parus atricapillus";"Parus_atricapillus"
"103";"Melospiza melodia";"Melospiza melodia";"Melospiza melodia";"Melospiza melodia";"Melospiza melodia";"Melospiza_melodia"
"104";"Dendroica caerulescens";"Setophaga caerulescens";"Dendroica caerulescens";"Setophaga caerulescens";"Dendroica caerulescens";"Dendroica_caerulescens"
"105";"Dendroica coronata";"Setophaga coronata";"Dendroica coronata";"Setophaga coronata";"Dendroica coronata";"Dendroica_coronata"
"106";"Dendroica coronata";"Setophaga coronata";"Dendroica coronata";"Setophaga coronata";"Dendroica coronata";"Dendroica_coronata"
"107";"Spizella passerina";"Spizella passerina";"Spizella passerina";"Spizella passerina";"Spizella passerina";"Spizella_passerina"
"108";"Melanerpes carolinus";"Melanerpes carolinus";"Melanerpes carolinus";"Melanerpes carolinus";"Melanerpes carolinus";"Melanerpes_carolinus"
"109";"Sialia sialis";"Sialia sialis";"Sialia sialis";"Sialia sialis";"Sialia sialis";"Sialia_sialis"
"110";"Falco sparverius";"Falco sparverius";"Falco sparverius";"Falco sparverius";"Falco sparverius";"Falco_sparverius"
"111";"Certhia americana";"Certhia americana";"Certhia americana";"Certhia americana";"Certhia americana";"Certhia_americana"
"112";"Sitta carolinensis";"Sitta carolinensis";"Sitta carolinensis";"Sitta carolinensis";"Sitta carolinensis";"Sitta_carolinensis"
"113";"Charadrius vociferus";"Charadrius vociferus";"Charadrius vociferus";"Charadrius vociferus";"Charadrius vociferus";"Charadrius_vociferus"
"114";"Archilochus colubris";"Archilochus colubris";"Archilochus colubris";"Archilochus colubris";"Archilochus colubris";"Archilochus_colubris"
"115";"Meleagris gallopavo";"Meleagris gallopavo";"Meleagris gallopavo";"Meleagris gallopavo";"Meleagris gallopavo";"Meleagris_gallopavo"
"116";"Dendroica virens";"Setophaga virens";"Dendroica virens";"Setophaga virens";"Dendroica virens";"Dendroica_virens"
"117";"Agelaius phoeniceus";"Agelaius phoeniceus";"Agelaius phoeniceus";"Agelaius phoeniceus";"Agelaius phoeniceus";"Agelaius_phoeniceus"
"118";"Aix sponsa";"Aix sponsa";"Aix sponsa";"Aix sponsa";"Aix sponsa";"Aix_sponsa"
"119";"Butorides virescens";"Butorides striata";"Butorides striata";"Butorides striata";"Butorides striata";"Butorides_striata"
"120";"Butorides virescens";"Butorides striata";"Butorides striata";"Butorides striata";"Butorides virescens";"Butorides_virescens"
"121";"Branta canadensis";"Branta canadensis";"Branta canadensis";"Branta canadensis";"Branta canadensis";"Branta_canadensis"
"122";"Ardea herodias";"Ardea herodias";"Ardea herodias";"Ardea herodias";"Ardea herodias";"Ardea_herodias"
"123";"Buteo platypterus";"Buteo platypterus";"Buteo platypterus";"Buteo platypterus";"Buteo platypterus";"Buteo_platypterus"
"124";"Cardinalis cardinalis";"Cardinalis cardinalis";"Cardinalis cardinalis";"Cardinalis cardinalis";"Cardinalis cardinalis";"Cardinalis_cardinalis"
"125";"Bonasa umbellus";"Bonasa umbellus";"Bonasa umbellus";"Bonasa umbellus";"Bonasa umbellus";"Bonasa_umbellus"
"126";"Bombycilla cedrorum";"Bombycilla cedrorum";"Bombycilla cedrorum";"Bombycilla cedrorum";"Bombycilla cedrorum";"Bombycilla_cedrorum"
"127";"Picoides villosus";"Leuconotopicus villosus";"Picoides villosus";"Leuconotopicus villosus";"Picoides villosus";"Picoides_villosus"
"128";"Vireo solitarius";"Vireo solitarius";"Vireo solitarius";"Vireo solitarius";"Vireo solitarius";"Vireo_solitarius"
"129";"Icterus spurius";"Icterus spurius";"Icterus spurius";"Icterus spurius";"Icterus spurius";"Icterus_spurius"
"130";"Icterus spurius";"Icterus spurius";"Icterus spurius";"Icterus spurius";"Icterus spurius";"Icterus_spurius"
"131";"Accipiter cooperii";"Accipiter cooperii";"Accipiter cooperii";"Accipiter cooperii";"Accipiter cooperii";"Accipiter_cooperii"
"132";"Seiurus noveboracensis";"Parkesia noveboracensis";"Seiurus noveboracensis";"Parkesia noveboracensis";"Seiurus noveboracensis";"Seiurus_noveboracensis"
"133";"Catharus guttatus";"Catharus guttatus";"Catharus guttatus";"Catharus guttatus";"Catharus guttatus";"Catharus_guttatus"
"134";"Coccyzus erythropthalmus";"Coccyzus erythropthalmus";"Coccyzus erythropthalmus";"Coccyzus erythropthalmus";"Coccyzus erythropthalmus";"Coccyzus_erythropthalmus"
"135";"Stelgidopteryx serripennis";"Stelgidopteryx serripennis";"Stelgidopteryx serripennis";"Stelgidopteryx serripennis";"Stelgidopteryx serripennis";"Stelgidopteryx_serripennis"
"136";"Stelgidopteryx serripennis";"Stelgidopteryx serripennis";"Stelgidopteryx serripennis";"Stelgidopteryx serripennis";"Stelgidopteryx serripennis";"Stelgidopteryx_serripennis"
"137";"Buteo lineatus";"Buteo lineatus";"Buteo lineatus";"Buteo lineatus";"Buteo lineatus";"Buteo_lineatus"
"138";"Gallinago delicata";"Gallinago delicata";"Gallinago gallinago";"Gallinago delicata";"Gallinago gallinago";"Gallinago_gallinago"
"139";"Protonotaria citrea";"Protonotaria citrea";"Protonotaria citrea";"Protonotaria citrea";"Protonotaria citrea";"Protonotaria_citrea"
"140";"Scolopax minor";"Scolopax minor";"Scolopax minor";"Scolopax minor";"Scolopax minor";"Scolopax_minor"
"141";"Accipiter striatus";"Accipiter striatus";"Accipiter striatus";"Accipiter striatus";"Accipiter chionogaster";"Accipiter_chionogaster"
"142";"Accipiter striatus";"Accipiter striatus";"Accipiter striatus";"Accipiter striatus";"Accipiter erythronemius";"Accipiter_erythronemius"
"143";"Accipiter striatus";"Accipiter striatus";"Accipiter striatus";"Accipiter striatus";"Accipiter striatus";"Accipiter_striatus"
"144";"Accipiter striatus";"Accipiter striatus";"Accipiter striatus";"Accipiter striatus";"Accipiter ventralis";"Accipiter_ventralis"
"145";"Actitis macularius";"Actitis macularius";"Actitis macularius";"Actitis macularius";"Actitis macularius";"Actitis_macularius"
"146";"Anas rubripes";"Anas rubripes";"Anas rubripes";"Anas rubripes";"Anas rubripes";"Anas_rubripes"
"147";"Fulica americana";"Fulica americana";"Fulica americana";"Fulica americana";"Fulica americana";"Fulica_americana"
"148";"Fulica americana";"Fulica americana";"Fulica americana";"Fulica americana";"Fulica caribaea";"Fulica_caribaea"
"149";"Petrochelidon pyrrhonota";"Petrochelidon pyrrhonota";"Petrochelidon pyrrhonota";"Petrochelidon pyrrhonota";"Petrochelidon pyrrhonota";"Petrochelidon_pyrrhonota"
"150";"Bubo virginianus";"Bubo virginianus";"Bubo virginianus";"Bubo virginianus";"Bubo virginianus";"Bubo_virginianus"
"151";"Bubo virginianus";"Bubo virginianus";"Bubo virginianus";"Bubo virginianus";"Bubo virginianus";"Bubo_virginianus"
"152";"Melanerpes erythrocephalus";"Melanerpes erythrocephalus";"Melanerpes erythrocephalus";"Melanerpes erythrocephalus";"Melanerpes erythrocephalus";"Melanerpes_erythrocephalus"
"153";"Zonotrichia albicollis";"Zonotrichia albicollis";"Zonotrichia albicollis";"Zonotrichia albicollis";"Zonotrichia albicollis";"Zonotrichia_albicollis"
"154";"Thryothorus ludovicianus";"Thryothorus ludovicianus";"Thryothorus ludovicianus";"Thryothorus ludovicianus";"Thryothorus ludovicianus";"Thryothorus_ludovicianus"
"155";"Thryothorus ludovicianus";"Thryothorus ludovicianus";"Thryothorus ludovicianus";"Thryothorus ludovicianus";"Thryothorus ludovicianus";"Thryothorus_ludovicianus"
"156";"Ammodramus henslowii";"Passerculus henslowii";"Ammodramus henslowii";"Passerculus henslowii";"Ammodramus henslowii";"Ammodramus_henslowii"
"157";"Lophodytes cucullatus";"Lophodytes cucullatus";"Lophodytes cucullatus";"Lophodytes cucullatus";"Lophodytes cucullatus";"Lophodytes_cucullatus"
"158";"Strix varia";"Strix varia";"Strix varia";"Strix varia";"Strix varia";"Strix_varia"
"159";"Coccothraustes vespertinus";"Hesperiphona vespertina";"Coccothraustes vespertinus";"Hesperiphona vespertina";"Coccothraustes vespertinus";"Coccothraustes_vespertinus"
"160";"Haliaeetus leucocephalus";"Haliaeetus leucocephalus";"Haliaeetus leucocephalus";"Haliaeetus leucocephalus";"Haliaeetus leucocephalus";"Haliaeetus_leucocephalus"
"161";"Wilsonia canadensis";"Cardellina canadensis";"Wilsonia canadensis";"Cardellina canadensis";"Wilsonia canadensis";"Wilsonia_canadensis"
"162";"Spinus pinus";"Spinus pinus";"Carduelis pinus";"Spinus pinus";"Carduelis pinus";"Carduelis_pinus"
"163";"Pooecetes gramineus";"Pooecetes gramineus";"Pooecetes gramineus";"Pooecetes gramineus";"Pooecetes gramineus";"Pooecetes_gramineus"
"164";"Bartramia longicauda";"Bartramia longicauda";"Bartramia longicauda";"Bartramia longicauda";"Bartramia longicauda";"Bartramia_longicauda"
"165";"Mniotilta varia";"Mniotilta varia";"Mniotilta varia";"Mniotilta varia";"Mniotilta varia";"Mniotilta_varia"
"166";"Porzana carolina";"Porzana carolina";"Porzana carolina";"Porzana carolina";"Porzana carolina";"Porzana_carolina"
"167";"Colinus virginianus";"Colinus virginianus";"Colinus virginianus";"Colinus virginianus";"Colinus virginianus";"Colinus_virginianus"
"168";"Polioptila caerulea";"Polioptila caerulea";"Polioptila caerulea";"Polioptila caerulea";"Polioptila caerulea";"Polioptila_caerulea"
"169";"Ammodramus savannarum";"Ammodramus savannarum";"Ammodramus savannarum";"Ammodramus savannarum";"Ammodramus savannarum";"Ammodramus_savannarum"
"170";"Eremophila alpestris";"Eremophila alpestris";"Eremophila alpestris";"Eremophila alpestris";"Eremophila alpestris";"Eremophila_alpestris"
"171";"Anas discors";"Spatula discors";"Anas discors";"Spatula discors";"Anas discors";"Anas_discors"
"172";"Cistothorus palustris";"Cistothorus palustris";"Cistothorus palustris";"Cistothorus palustris";"Cistothorus palustris";"Cistothorus_palustris"
"173";"Rallus limicola";"Rallus limicola";"Rallus limicola";"Rallus limicola";"Rallus limicola";"Rallus_limicola"
"174";"Cistothorus platensis";"Cistothorus platensis";"Cistothorus platensis";"Cistothorus platensis";"Cistothorus platensis";"Cistothorus_platensis"
"175";"Cistothorus platensis";"Cistothorus platensis";"Cistothorus platensis";"Cistothorus platensis";"Cistothorus platensis";"Cistothorus_platensis"
"176";"Ixobrychus exilis";"Ixobrychus exilis";"Ixobrychus exilis";"Ixobrychus exilis";"Ixobrychus exilis";"Ixobrychus_exilis"
"177";"Vermivora ruficapilla";"Leiothlypis ruficapilla";"Vermivora ruficapilla";"Leiothlypis ruficapilla";"Vermivora ruficapilla";"Vermivora_ruficapilla"
"178";"Vireo griseus";"Vireo griseus";"Vireo griseus";"Vireo griseus";"Vireo griseus";"Vireo_griseus"
"179";"Vireo flavifrons";"Vireo flavifrons";"Vireo flavifrons";"Vireo flavifrons";"Vireo flavifrons";"Vireo_flavifrons"
"180";"Regulus satrapa";"Regulus satrapa";"Regulus satrapa";"Regulus satrapa";"Regulus satrapa";"Regulus_satrapa"
"181";"Chordeiles minor";"Chordeiles minor";"Chordeiles minor";"Chordeiles minor";"Chordeiles minor";"Chordeiles_minor"
"182";"Catharus ustulatus";"Catharus ustulatus";"Catharus ustulatus";"Catharus ustulatus";"Catharus ustulatus";"Catharus_ustulatus"
"183";"Catharus ustulatus";"Catharus ustulatus";"Catharus ustulatus";"Catharus ustulatus";"Catharus ustulatus";"Catharus_ustulatus"
"184";"Parula americana";"Setophaga americana";"Parula americana";"Setophaga americana";"Parula americana";"Parula_americana"
"185";"Podilymbus podiceps";"Podilymbus podiceps";"Podilymbus podiceps";"Podilymbus podiceps";"Podilymbus podiceps";"Podilymbus_podiceps"
"186";"Pandion haliaetus";"Pandion haliaetus";"Pandion haliaetus";"Pandion haliaetus";"Pandion haliaetus";"Pandion_haliaetus"
"187";"Oxyura jamaicensis";"Oxyura jamaicensis";"Oxyura jamaicensis";"Oxyura jamaicensis";"Oxyura jamaicensis";"Oxyura_jamaicensis"
"188";"Oxyura jamaicensis";"Oxyura jamaicensis";"Oxyura jamaicensis";"Oxyura jamaicensis";"Oxyura jamaicensis";"Oxyura_jamaicensis"
"189";"Botaurus lentiginosus";"Botaurus lentiginosus";"Botaurus lentiginosus";"Botaurus lentiginosus";"Botaurus lentiginosus";"Botaurus_lentiginosus"
"190";"Aythya collaris";"Aythya collaris";"Aythya collaris";"Aythya collaris";"Aythya collaris";"Aythya_collaris"
"191";"Gavia immer";"Gavia immer";"Gavia immer";"Gavia immer";"Gavia immer";"Gavia_immer"
"192";"Dendroica pinus";"Setophaga pinus";"Dendroica pinus";"Setophaga pinus";"Dendroica pinus";"Dendroica_pinus"
"193";"Spizella pallida";"Spizella pallida";"Spizella pallida";"Spizella pallida";"Spizella pallida";"Spizella_pallida"
"194";"Spiza americana";"Spiza americana";"Spiza americana";"Spiza americana";"Spiza americana";"Spiza_americana"
"195";"Dendroica cerulea";"Setophaga cerulea";"Dendroica cerulea";"Setophaga cerulea";"Dendroica cerulea";"Dendroica_cerulea"
"196";"Icteria virens";"Icteria virens";"Icteria virens";"Icteria virens";"Icteria virens";"Icteria_virens"
"197";"Larus marinus";"Larus marinus";"Larus marinus";"Larus marinus";"Larus marinus";"Larus_marinus"
"198";"Hydropogne caspia";"Hydroprogne caspia";"Sterna caspia";"Hydroprogne caspia";"Sterna caspia";"Sterna_caspia"
"199";"Vermivora chrysoptera";"Vermivora chrysoptera";"Vermivora chrysoptera";"Vermivora chrysoptera";"Vermivora chrysoptera";"Vermivora_chrysoptera"
"200";"Larus argentatus";"Larus argentatus";"Larus argentatus";"Larus argentatus";"Larus argentatus";"Larus_argentatus"
"201";"Larus argentatus";"Larus argentatus";"Larus argentatus";"Larus argentatus";"Larus argentatus";"Larus_argentatus"
"202";"Anas americana";"Mareca americana";"Anas americana";"Mareca americana";"Anas americana";"Anas_americana"
"203";"Dendroica discolor";"Setophaga discolor";"Dendroica discolor";"Setophaga discolor";"Dendroica discolor";"Dendroica_discolor"
"204";"Aegolius acadicus";"Aegolius acadicus";"Aegolius acadicus";"Aegolius acadicus";"Aegolius acadicus";"Aegolius_acadicus"
"205";"Oporornis formosus";"Geothlypis formosa";"Oporornis formosus";"Geothlypis formosa";"Oporornis formosus";"Oporornis_formosus"
"206";"Rallus elegans";"Rallus elegans";"Rallus elegans";"Rallus elegans";"Rallus elegans";"Rallus_elegans"
"207";"Rallus elegans";"Rallus elegans";"Rallus elegans";"Rallus elegans";"Rallus elegans";"Rallus_elegans"
"208";"Regulus calendula";"Corthylio calendula";"Regulus calendula";"Regulus calendula";"Regulus calendula";"Regulus_calendula"
"209";"Larus delawarensis";"Larus delawarensis";"Larus delawarensis";"Larus delawarensis";"Larus delawarensis";"Larus_delawarensis"
"210";"Phalacrocorax auritus";"Nannopterum auritus";"Phalacrocorax auritus";"Nannopterum auritus";"Phalacrocorax auritus";"Phalacrocorax_auritus"
"211";"Ardea alba";"Ardea alba";"Casmerodius albus";"Ardea alba";"Casmerodius albus";"Casmerodius_albus"
"212";"Aquila chrysaetos";"Aquila chrysaetos";"Aquila chrysaetos";"Aquila chrysaetos";"Aquila chrysaetos";"Aquila_chrysaetos"
"213";"Egretta thula";"Egretta thula";"Egretta thula";"Egretta thula";"Egretta thula";"Egretta_thula"
"214";"Caprimulgus vociferus";"Antrostomus vociferus";"Caprimulgus vociferus";"Antrostomus vociferus";"Caprimulgus vociferus";"Caprimulgus_vociferus"
"215";"Dendroica dominica";"Setophaga dominica";"Dendroica dominica";"Setophaga dominica";"Dendroica dominica";"Dendroica_dominica"
"216";"Helmitheros vermivorum";"Helmitheros vermivorum";"Helmitheros vermivorum";"Helmitheros vermivorum";"Helmitheros vermivorum";"Helmitheros_vermivorum"
"217";"Aythya americana";"Aythya americana";"Aythya americana";"Aythya americana";"Aythya americana";"Aythya_americana"
"218";"Aythya affinis";"Aythya affinis";"Aythya affinis";"Aythya affinis";"Aythya affinis";"Aythya_affinis"
"219";"Lanius ludovicianus";"Lanius ludovicianus";"Lanius ludovicianus";"Lanius ludovicianus";"Lanius ludovicianus";"Lanius_ludovicianus"
"220";"Sturnella neglecta";"Sturnella neglecta";"Sturnella neglecta";"Sturnella neglecta";"Sturnella neglecta";"Sturnella_neglecta"
"221";"Loxia leucoptera";"Loxia leucoptera";"Loxia leucoptera";"Loxia leucoptera";"Loxia leucoptera";"Loxia_leucoptera"
"222";"Corvus ossifragus";"Corvus ossifragus";"Corvus ossifragus";"Corvus ossifragus";"Corvus ossifragus";"Corvus_ossifragus"
"223";"Mergus serrator";"Mergus serrator";"Mergus serrator";"Mergus serrator";"Mergus serrator";"Mergus_serrator"
"224";"Aythya valisineria";"Aythya valisineria";"Aythya valisineria";"Aythya valisineria";"Aythya valisineria";"Aythya_valisineria"
"225";"Bubulcus ibis";"Bubulcus ibis";"Bubulcus ibis";"Bubulcus ibis";"Bubulcus ibis";"Bubulcus_ibis"
"226";"Charadrius melodus";"Charadrius melodus";"Charadrius melodus";"Charadrius melodus";"Charadrius melodus";"Charadrius_melodus"
"227";"Contopus cooperi";"Contopus cooperi";"Contopus cooperi";"Contopus cooperi";"Contopus cooperi";"Contopus_cooperi"
"228";"Empidonax flaviventris";"Empidonax flaviventris";"Empidonax flaviventris";"Empidonax flaviventris";"Empidonax flaviventris";"Empidonax_flaviventris"
"229";"Vireo philadelphicus";"Vireo philadelphicus";"Vireo philadelphicus";"Vireo philadelphicus";"Vireo philadelphicus";"Vireo_philadelphicus"
"230";"Melospiza lincolnii";"Melospiza lincolnii";"Melospiza lincolnii";"Melospiza lincolnii";"Melospiza lincolnii";"Melospiza_lincolnii"
"231";"Euphagus carolinus";"Euphagus carolinus";"Euphagus carolinus";"Euphagus carolinus";"Euphagus carolinus";"Euphagus_carolinus"
"232";"Poecile hudsonicus";"Poecile hudsonicus";"Parus hudsonicus";"Poecile hudsonicus";"Parus hudsonicus";"Parus_hudsonicus"
"233";"Picoides arcticus";"Picoides arcticus";"Picoides arcticus";"Picoides arcticus";"Picoides arcticus";"Picoides_arcticus"
"234";"Dendroica castanea";"Setophaga castanea";"Dendroica castanea";"Setophaga castanea";"Dendroica castanea";"Dendroica_castanea"
"235";"Dendroica striata";"Setophaga striata";"Dendroica striata";"Setophaga striata";"Dendroica striata";"Dendroica_striata"
"236";"Perisoreus canadensis";"Perisoreus canadensis";"Perisoreus canadensis";"Perisoreus canadensis";"Perisoreus canadensis";"Perisoreus_canadensis"
"237";"Vermivora peregrina";"Leiothlypis peregrina";"Vermivora peregrina";"Leiothlypis peregrina";"Vermivora peregrina";"Vermivora_peregrina"
"238";"Dendroica palmarum";"Setophaga palmarum";"Dendroica palmarum";"Setophaga palmarum";"Dendroica palmarum";"Dendroica_palmarum"
"239";"Catharus bicknelli";"Catharus bicknelli";"Catharus bicknelli";"Catharus bicknelli";"Catharus bicknelli";"Catharus_bicknelli"
"240";"Dendroica tigrina";"Setophaga tigrina";"Dendroica tigrina";"Setophaga tigrina";"Dendroica tigrina";"Dendroica_tigrina"
"241";"Passerina caerulea";"Passerina caerulea";"Passerina caerulea";"Passerina caerulea";"Passerina caerulea";"Passerina_caerulea"
"242";"Wilsonia pusilla";"Cardellina pusilla";"Wilsonia pusilla";"Cardellina pusilla";"Wilsonia pusilla";"Wilsonia_pusilla"
"243";"Ammodramus caudacutus";"Ammospiza caudacuta";"Ammodramus caudacutus";"Ammospiza caudacuta";"Ammodramus caudacutus";"Ammodramus_caudacutus"
"244";"Rallus longirostris";"Rallus longirostris";"Rallus longirostris";"Rallus longirostris";"Rallus longirostris";"Rallus_longirostris"
"245";"Rallus longirostris";"Rallus longirostris";"Rallus longirostris";"Rallus longirostris";"Rallus longirostris";"Rallus_longirostris"
"246";"Rallus longirostris";"Rallus longirostris";"Rallus longirostris";"Rallus longirostris";"Rallus longirostris";"Rallus_longirostris"
"247";"Quiscalus major";"Quiscalus major";"Quiscalus major";"Quiscalus major";"Quiscalus major";"Quiscalus_major"
"248";"Caprimulgus carolinensis";"Antrostomus carolinensis";"Caprimulgus carolinensis";"Antrostomus carolinensis";"Caprimulgus carolinensis";"Caprimulgus_carolinensis"
"249";"Leucophaeus atricilla";"Larus atricilla";"Larus atricilla";"Larus atricilla";"Larus atricilla";"Larus_atricilla"
"250";"Haematopus palliatus";"Haematopus palliatus";"Haematopus palliatus";"Haematopus palliatus";"Haematopus palliatus";"Haematopus_palliatus"
"251";"Plegadis falcinellus";"Plegadis falcinellus";"Plegadis falcinellus";"Plegadis falcinellus";"Plegadis falcinellus";"Plegadis_falcinellus"
"252";"Tringa semipalmata";"Tringa semipalmata";"Catoptrophorus semipalmatus";"Tringa semipalmata";"Catoptrophorus semipalmatus";"Catoptrophorus_semipalmatus"
"253";"Nyctanassa violacea";"Nyctanassa violacea";"Nyctanassa violacea";"Nyctanassa violacea";"Nyctanassa violacea";"Nyctanassa_violacea"
"254";"Egretta caerulea";"Egretta caerulea";"Egretta caerulea";"Egretta caerulea";"Egretta caerulea";"Egretta_caerulea"
"255";"Ammodramus maritimus";"Ammospiza maritima";"Ammodramus maritimus";"Ammospiza maritima";"Ammodramus maritimus";"Ammodramus_maritimus"
"256";"Egretta tricolor";"Egretta tricolor";"Egretta tricolor";"Egretta tricolor";"Egretta tricolor";"Egretta_tricolor"
"257";"Piranga rubra";"Piranga rubra";"Piranga rubra";"Piranga rubra";"Piranga rubra";"Piranga_rubra"
"258";"Sternula antillarum";"Sternula antillarum";"Sterna antillarum";"Sternula antillarum";"Sterna antillarum";"Sterna_antillarum"
"259";"Rynchops niger";"Rynchops niger";"Rynchops niger";"Rynchops niger";"Rynchops niger";"Rynchops_niger"
"260";"Gelochelidon nilotica";"Gelochelidon nilotica";"Sterna nilotica";"Gelochelidon nilotica";"Sterna nilotica";"Sterna_nilotica"
"261";"Sterna forsteri";"Sterna forsteri";"Sterna forsteri";"Sterna forsteri";"Sterna forsteri";"Sterna_forsteri"
"262";"Sterna dougallii";"Sterna dougallii";"Sterna dougallii";"Sterna dougallii";"Sterna dougallii";"Sterna_dougallii"
"263";"Laterallus jamaicensis";"Laterallus jamaicensis";"Laterallus jamaicensis";"Laterallus jamaicensis";"Laterallus jamaicensis";"Laterallus_jamaicensis"
"264";"Falcipennis canadensis";"Canachites canadensis";NA;NA;NA;NA
"265";"Anas platyrhynchos x A. rubripes";"Anas platyrhynchos x Anas rubripes";NA;NA;NA;NA
"266";"Vermivora chrysoptera x V. pinus";"Vermivora chrysoptera x Vermivora pinus";NA;NA;NA;NA
